"filename", "language", "Python", "YAML", "JSON", "Shell Script", "pip requirements", "Markdown", "Docker", "comment", "blank", "total"
"c:\Users\Q\Desktop\paper2github\model_1D\One_dimsion\GoogleNetV2_1D\param\GoogleNetV2_1D_CH1_SRC.py", "Python", -71, 0, 0, 0, 0, 0, 0, -38, -20, -129
"c:\Users\Q\Desktop\paper2github\model_1D\One_dimsion\GoogleNetV2_1D\param\model_paramters1.py", "Python", -4, 0, 0, 0, 0, 0, 0, -2, -3, -9
"c:\Users\Q\Desktop\paper2github\model_1D\One_dimsion\GoogleNetV2_1D\param\model_paramters2.py", "Python", -4, 0, 0, 0, 0, 0, 0, -2, -2, -8
"c:\Users\Q\Desktop\paper2github\model_1D\One_dimsion\GoogleNetV2_1D\param\model_paramters3.py", "Python", -13, 0, 0, 0, 0, 0, 0, -4, -8, -25
"c:\Users\Q\Desktop\paper2github\model_1D\One_dimsion\LSTM_nofinish\Gen_1Dnormalized_data.py", "Python", -25, 0, 0, 0, 0, 0, 0, -11, -9, -45
"c:\Users\Q\Desktop\paper2github\model_1D\One_dimsion\LSTM_nofinish\LSTM1.py", "Python", -89, 0, 0, 0, 0, 0, 0, -25, -40, -154
"c:\Users\Q\Desktop\paper2github\model_1D\One_dimsion\LSTM_nofinish\LSTM2.py", "Python", -108, 0, 0, 0, 0, 0, 0, -11, -30, -149
"c:\Users\Q\Desktop\paper2github\model_1D\One_dimsion\LSTM_nofinish\LSTM3.py", "Python", -68, 0, 0, 0, 0, 0, 0, -28, -33, -129
"c:\Users\Q\Desktop\paper2github\model_1D\One_dimsion\LSTM_nofinish\LSTM33.py", "Python", -78, 0, 0, 0, 0, 0, 0, -26, -35, -139
"c:\Users\Q\Desktop\paper2github\model_1D\One_dimsion\LSTM_nofinish\MyDataset_LSTM.py", "Python", -31, 0, 0, 0, 0, 0, 0, 0, -8, -39
"c:\Users\Q\Desktop\paper2github\model_1D\One_dimsion\ResNet50_1D\param\ResNet18_1D_CH1_SRC1.py", "Python", -62, 0, 0, 0, 0, 0, 0, -4, -15, -81
"c:\Users\Q\Desktop\paper2github\model_1D\One_dimsion\ResNet50_1D\param\model_paramters2.py", "Python", -4, 0, 0, 0, 0, 0, 0, -2, -2, -8
"c:\Users\Q\Desktop\paper2github\model_1D\One_dimsion\VGG16_1D\params\VGG16_1D_CH1_SRC2.py", "Python", -230, 0, 0, 0, 0, 0, 0, -44, -41, -315
"c:\Users\Q\Desktop\paper2github\model_1D\One_dimsion\VGG16_1D\params\model_paramters2.py", "Python", -4, 0, 0, 0, 0, 0, 0, -2, -2, -8
"c:\Users\Q\Desktop\paper2github\model_2D\1yolov5\.github\ISSUE_TEMPLATE\bug-report.yml", "YAML", 0, -76, 0, 0, 0, 0, 0, -2, -8, -86
"c:\Users\Q\Desktop\paper2github\model_2D\1yolov5\.github\ISSUE_TEMPLATE\config.yml", "YAML", 0, -11, 0, 0, 0, 0, 0, 0, -1, -12
"c:\Users\Q\Desktop\paper2github\model_2D\1yolov5\.github\ISSUE_TEMPLATE\feature-request.yml", "YAML", 0, -44, 0, 0, 0, 0, 0, -1, -6, -51
"c:\Users\Q\Desktop\paper2github\model_2D\1yolov5\.github\ISSUE_TEMPLATE\question.yml", "YAML", 0, -29, 0, 0, 0, 0, 0, -1, -4, -34
"c:\Users\Q\Desktop\paper2github\model_2D\1yolov5\.github\dependabot.yml", "YAML", 0, -22, 0, 0, 0, 0, 0, -3, -3, -28
"c:\Users\Q\Desktop\paper2github\model_2D\1yolov5\.github\workflows\ci-testing.yml", "YAML", 0, -140, 0, 0, 0, 0, 0, -4, -6, -150
"c:\Users\Q\Desktop\paper2github\model_2D\1yolov5\.github\workflows\cla.yml", "YAML", 0, -30, 0, 0, 0, 0, 0, -6, -4, -40
"c:\Users\Q\Desktop\paper2github\model_2D\1yolov5\.github\workflows\codeql-analysis.yml", "YAML", 0, -24, 0, 0, 0, 0, 0, -20, -12, -56
"c:\Users\Q\Desktop\paper2github\model_2D\1yolov5\.github\workflows\docker.yml", "YAML", 0, -49, 0, 0, 0, 0, 0, -2, -10, -61
"c:\Users\Q\Desktop\paper2github\model_2D\1yolov5\.github\workflows\format.yml", "YAML", 0, -21, 0, 0, 0, 0, 0, -3, -4, -28
"c:\Users\Q\Desktop\paper2github\model_2D\1yolov5\.github\workflows\greetings.yml", "YAML", 0, -41, 0, 0, 0, 0, 0, -5, -20, -66
"c:\Users\Q\Desktop\paper2github\model_2D\1yolov5\.github\workflows\links.yml", "YAML", 0, -57, 0, 0, 0, 0, 0, -8, -7, -72
"c:\Users\Q\Desktop\paper2github\model_2D\1yolov5\.github\workflows\merge-main-into-prs.yml", "YAML", 0, -41, 0, 0, 0, 0, 0, -8, -8, -57
"c:\Users\Q\Desktop\paper2github\model_2D\1yolov5\.github\workflows\stale.yml", "YAML", 0, -33, 0, 0, 0, 0, 0, -1, -14, -48
"c:\Users\Q\Desktop\paper2github\model_2D\1yolov5\CITATION.cff", "YAML", 0, -14, 0, 0, 0, 0, 0, 0, -1, -15
"c:\Users\Q\Desktop\paper2github\model_2D\1yolov5\CONTRIBUTING.md", "Markdown", 0, 0, 0, 0, 0, -42, 0, 0, -35, -77
"c:\Users\Q\Desktop\paper2github\model_2D\1yolov5\README.md", "Markdown", 0, 0, 0, 0, 0, -349, 0, -4, -122, -475
"c:\Users\Q\Desktop\paper2github\model_2D\1yolov5\README.zh-CN.md", "Markdown", 0, 0, 0, 0, 0, -349, 0, -4, -121, -474
"c:\Users\Q\Desktop\paper2github\model_2D\1yolov5\benchmarks.py", "Python", -149, 0, 0, 0, 0, 0, 0, -6, -22, -177
"c:\Users\Q\Desktop\paper2github\model_2D\1yolov5\classify\predict.py", "Python", -196, 0, 0, 0, 0, 0, 0, -14, -31, -241
"c:\Users\Q\Desktop\paper2github\model_2D\1yolov5\classify\train.py", "Python", -297, 0, 0, 0, 0, 0, 0, -33, -49, -379
"c:\Users\Q\Desktop\paper2github\model_2D\1yolov5\classify\tutorial.ipynb", "JSON", 0, 0, -1481, 0, 0, 0, 0, 0, -1, -1482
"c:\Users\Q\Desktop\paper2github\model_2D\1yolov5\classify\val.py", "Python", -147, 0, 0, 0, 0, 0, 0, -6, -25, -178
"c:\Users\Q\Desktop\paper2github\model_2D\1yolov5\data\Argoverse.yaml", "YAML", 0, -47, 0, 0, 0, 0, 0, -12, -14, -73
"c:\Users\Q\Desktop\paper2github\model_2D\1yolov5\data\GlobalWheat2020.yaml", "YAML", 0, -32, 0, 0, 0, 0, 0, -13, -8, -53
"c:\Users\Q\Desktop\paper2github\model_2D\1yolov5\data\ImageNet.yaml", "YAML", 0, -1006, 0, 0, 0, 0, 0, -11, -4, -1021
"c:\Users\Q\Desktop\paper2github\model_2D\1yolov5\data\ImageNet10.yaml", "YAML", 0, -16, 0, 0, 0, 0, 0, -11, -4, -31
"c:\Users\Q\Desktop\paper2github\model_2D\1yolov5\data\ImageNet100.yaml", "YAML", 0, -106, 0, 0, 0, 0, 0, -11, -3, -120
"c:\Users\Q\Desktop\paper2github\model_2D\1yolov5\data\ImageNet1000.yaml", "YAML", 0, -1006, 0, 0, 0, 0, 0, -11, -4, -1021
"c:\Users\Q\Desktop\paper2github\model_2D\1yolov5\data\Objects365.yaml", "YAML", 0, -411, 0, 0, 0, 0, 0, -15, -11, -437
"c:\Users\Q\Desktop\paper2github\model_2D\1yolov5\data\SKU-110K.yaml", "YAML", 0, -31, 0, 0, 0, 0, 0, -13, -8, -52
"c:\Users\Q\Desktop\paper2github\model_2D\1yolov5\data\VOC.yaml", "YAML", 0, -74, 0, 0, 0, 0, 0, -12, -13, -99
"c:\Users\Q\Desktop\paper2github\model_2D\1yolov5\data\VisDrone.yaml", "YAML", 0, -46, 0, 0, 0, 0, 0, -13, -10, -69
"c:\Users\Q\Desktop\paper2github\model_2D\1yolov5\data\coco.yaml", "YAML", 0, -96, 0, 0, 0, 0, 0, -12, -7, -115
"c:\Users\Q\Desktop\paper2github\model_2D\1yolov5\data\coco128-seg.yaml", "YAML", 0, -86, 0, 0, 0, 0, 0, -10, -4, -100
"c:\Users\Q\Desktop\paper2github\model_2D\1yolov5\data\coco128.yaml", "YAML", 0, -86, 0, 0, 0, 0, 0, -10, -4, -100
"c:\Users\Q\Desktop\paper2github\model_2D\1yolov5\data\hyps\hyp.Objects365.yaml", "YAML", 0, -29, 0, 0, 0, 0, 0, -4, -2, -35
"c:\Users\Q\Desktop\paper2github\model_2D\1yolov5\data\hyps\hyp.VOC.yaml", "YAML", 0, -29, 0, 0, 0, 0, 0, -9, -3, -41
"c:\Users\Q\Desktop\paper2github\model_2D\1yolov5\data\hyps\hyp.no-augmentation.yaml", "YAML", 0, -28, 0, 0, 0, 0, 0, -6, -2, -36
"c:\Users\Q\Desktop\paper2github\model_2D\1yolov5\data\hyps\hyp.scratch-high.yaml", "YAML", 0, -28, 0, 0, 0, 0, 0, -5, -2, -35
"c:\Users\Q\Desktop\paper2github\model_2D\1yolov5\data\hyps\hyp.scratch-low.yaml", "YAML", 0, -28, 0, 0, 0, 0, 0, -5, -2, -35
"c:\Users\Q\Desktop\paper2github\model_2D\1yolov5\data\hyps\hyp.scratch-med.yaml", "YAML", 0, -28, 0, 0, 0, 0, 0, -5, -2, -35
"c:\Users\Q\Desktop\paper2github\model_2D\1yolov5\data\scripts\download_weights.sh", "Shell Script", 0, 0, 0, -9, 0, 0, 0, -9, -5, -23
"c:\Users\Q\Desktop\paper2github\model_2D\1yolov5\data\scripts\get_coco.sh", "Shell Script", 0, 0, 0, -42, 0, 0, 0, -11, -4, -57
"c:\Users\Q\Desktop\paper2github\model_2D\1yolov5\data\scripts\get_coco128.sh", "Shell Script", 0, 0, 0, -6, 0, 0, 0, -9, -3, -18
"c:\Users\Q\Desktop\paper2github\model_2D\1yolov5\data\scripts\get_imagenet.sh", "Shell Script", 0, 0, 0, -29, 0, 0, 0, -16, -7, -52
"c:\Users\Q\Desktop\paper2github\model_2D\1yolov5\data\scripts\get_imagenet10.sh", "Shell Script", 0, 0, 0, -15, 0, 0, 0, -11, -4, -30
"c:\Users\Q\Desktop\paper2github\model_2D\1yolov5\data\scripts\get_imagenet100.sh", "Shell Script", 0, 0, 0, -15, 0, 0, 0, -11, -4, -30
"c:\Users\Q\Desktop\paper2github\model_2D\1yolov5\data\scripts\get_imagenet1000.sh", "Shell Script", 0, 0, 0, -15, 0, 0, 0, -11, -4, -30
"c:\Users\Q\Desktop\paper2github\model_2D\1yolov5\data\xView.yaml", "YAML", 0, -112, 0, 0, 0, 0, 0, -23, -17, -152
"c:\Users\Q\Desktop\paper2github\model_2D\1yolov5\detect.py", "Python", -259, 0, 0, 0, 0, 0, 0, -21, -36, -316
"c:\Users\Q\Desktop\paper2github\model_2D\1yolov5\export.py", "Python", -772, 0, 0, 0, 0, 0, 0, -40, -129, -941
"c:\Users\Q\Desktop\paper2github\model_2D\1yolov5\hubconf.py", "Python", -148, 0, 0, 0, 0, 0, 0, -7, -41, -196
"c:\Users\Q\Desktop\paper2github\model_2D\1yolov5\models\__init__.py", "Python", 0, 0, 0, 0, 0, 0, 0, 0, -1, -1
"c:\Users\Q\Desktop\paper2github\model_2D\1yolov5\models\common.py", "Python", -886, 0, 0, 0, 0, 0, 0, -57, -138, -1081
"c:\Users\Q\Desktop\paper2github\model_2D\1yolov5\models\experimental.py", "Python", -98, 0, 0, 0, 0, 0, 0, -7, -26, -131
"c:\Users\Q\Desktop\paper2github\model_2D\1yolov5\models\hub\anchors.yaml", "YAML", 0, -37, 0, 0, 0, 0, 0, -12, -8, -57
"c:\Users\Q\Desktop\paper2github\model_2D\1yolov5\models\hub\yolov3-spp.yaml", "YAML", 0, -41, 0, 0, 0, 0, 0, -5, -7, -53
"c:\Users\Q\Desktop\paper2github\model_2D\1yolov5\models\hub\yolov3-tiny.yaml", "YAML", 0, -32, 0, 0, 0, 0, 0, -5, -6, -43
"c:\Users\Q\Desktop\paper2github\model_2D\1yolov5\models\hub\yolov3.yaml", "YAML", 0, -41, 0, 0, 0, 0, 0, -5, -7, -53
"c:\Users\Q\Desktop\paper2github\model_2D\1yolov5\models\hub\yolov5-bifpn.yaml", "YAML", 0, -37, 0, 0, 0, 0, 0, -5, -8, -50
"c:\Users\Q\Desktop\paper2github\model_2D\1yolov5\models\hub\yolov5-fpn.yaml", "YAML", 0, -32, 0, 0, 0, 0, 0, -5, -7, -44
"c:\Users\Q\Desktop\paper2github\model_2D\1yolov5\models\hub\yolov5-p2.yaml", "YAML", 0, -41, 0, 0, 0, 0, 0, -5, -10, -56
"c:\Users\Q\Desktop\paper2github\model_2D\1yolov5\models\hub\yolov5-p34.yaml", "YAML", 0, -31, 0, 0, 0, 0, 0, -5, -7, -43
"c:\Users\Q\Desktop\paper2github\model_2D\1yolov5\models\hub\yolov5-p6.yaml", "YAML", 0, -43, 0, 0, 0, 0, 0, -5, -10, -58
"c:\Users\Q\Desktop\paper2github\model_2D\1yolov5\models\hub\yolov5-p7.yaml", "YAML", 0, -52, 0, 0, 0, 0, 0, -5, -12, -69
"c:\Users\Q\Desktop\paper2github\model_2D\1yolov5\models\hub\yolov5-panet.yaml", "YAML", 0, -37, 0, 0, 0, 0, 0, -5, -8, -50
"c:\Users\Q\Desktop\paper2github\model_2D\1yolov5\models\hub\yolov5l6.yaml", "YAML", 0, -47, 0, 0, 0, 0, 0, -5, -10, -62
"c:\Users\Q\Desktop\paper2github\model_2D\1yolov5\models\hub\yolov5m6.yaml", "YAML", 0, -47, 0, 0, 0, 0, 0, -5, -10, -62
"c:\Users\Q\Desktop\paper2github\model_2D\1yolov5\models\hub\yolov5n6.yaml", "YAML", 0, -47, 0, 0, 0, 0, 0, -5, -10, -62
"c:\Users\Q\Desktop\paper2github\model_2D\1yolov5\models\hub\yolov5s-LeakyReLU.yaml", "YAML", 0, -38, 0, 0, 0, 0, 0, -5, -8, -51
"c:\Users\Q\Desktop\paper2github\model_2D\1yolov5\models\hub\yolov5s-ghost.yaml", "YAML", 0, -37, 0, 0, 0, 0, 0, -5, -8, -50
"c:\Users\Q\Desktop\paper2github\model_2D\1yolov5\models\hub\yolov5s-transformer.yaml", "YAML", 0, -37, 0, 0, 0, 0, 0, -5, -8, -50
"c:\Users\Q\Desktop\paper2github\model_2D\1yolov5\models\hub\yolov5s6.yaml", "YAML", 0, -47, 0, 0, 0, 0, 0, -5, -10, -62
"c:\Users\Q\Desktop\paper2github\model_2D\1yolov5\models\hub\yolov5x6.yaml", "YAML", 0, -47, 0, 0, 0, 0, 0, -5, -10, -62
"c:\Users\Q\Desktop\paper2github\model_2D\1yolov5\models\segment\yolov5l-seg.yaml", "YAML", 0, -37, 0, 0, 0, 0, 0, -5, -8, -50
"c:\Users\Q\Desktop\paper2github\model_2D\1yolov5\models\segment\yolov5m-seg.yaml", "YAML", 0, -37, 0, 0, 0, 0, 0, -5, -8, -50
"c:\Users\Q\Desktop\paper2github\model_2D\1yolov5\models\segment\yolov5n-seg.yaml", "YAML", 0, -37, 0, 0, 0, 0, 0, -5, -8, -50
"c:\Users\Q\Desktop\paper2github\model_2D\1yolov5\models\segment\yolov5s-seg.yaml", "YAML", 0, -37, 0, 0, 0, 0, 0, -5, -8, -50
"c:\Users\Q\Desktop\paper2github\model_2D\1yolov5\models\segment\yolov5x-seg.yaml", "YAML", 0, -37, 0, 0, 0, 0, 0, -5, -8, -50
"c:\Users\Q\Desktop\paper2github\model_2D\1yolov5\models\tf.py", "Python", -620, 0, 0, 0, 0, 0, 0, -42, -112, -774
"c:\Users\Q\Desktop\paper2github\model_2D\1yolov5\models\yolo.py", "Python", -414, 0, 0, 0, 0, 0, 0, -14, -59, -487
"c:\Users\Q\Desktop\paper2github\model_2D\1yolov5\models\yolov5l.yaml", "YAML", 0, -37, 0, 0, 0, 0, 0, -5, -8, -50
"c:\Users\Q\Desktop\paper2github\model_2D\1yolov5\models\yolov5m.yaml", "YAML", 0, -37, 0, 0, 0, 0, 0, -5, -8, -50
"c:\Users\Q\Desktop\paper2github\model_2D\1yolov5\models\yolov5n.yaml", "YAML", 0, -37, 0, 0, 0, 0, 0, -5, -8, -50
"c:\Users\Q\Desktop\paper2github\model_2D\1yolov5\models\yolov5s.yaml", "YAML", 0, -37, 0, 0, 0, 0, 0, -5, -8, -50
"c:\Users\Q\Desktop\paper2github\model_2D\1yolov5\models\yolov5x.yaml", "YAML", 0, -37, 0, 0, 0, 0, 0, -5, -8, -50
"c:\Users\Q\Desktop\paper2github\model_2D\1yolov5\requirements.txt", "pip requirements", 0, 0, 0, 0, -18, 0, 0, -26, -7, -51
"c:\Users\Q\Desktop\paper2github\model_2D\1yolov5\segment\predict.py", "Python", -253, 0, 0, 0, 0, 0, 0, -20, -34, -307
"c:\Users\Q\Desktop\paper2github\model_2D\1yolov5\segment\train.py", "Python", -611, 0, 0, 0, 0, 0, 0, -76, -74, -761
"c:\Users\Q\Desktop\paper2github\model_2D\1yolov5\segment\tutorial.ipynb", "JSON", 0, 0, -595, 0, 0, 0, 0, 0, -1, -596
"c:\Users\Q\Desktop\paper2github\model_2D\1yolov5\segment\val.py", "Python", -429, 0, 0, 0, 0, 0, 0, -32, -58, -519
"c:\Users\Q\Desktop\paper2github\model_2D\1yolov5\train.py", "Python", -684, 0, 0, 0, 0, 0, 0, -77, -88, -849
"c:\Users\Q\Desktop\paper2github\model_2D\1yolov5\tutorial.ipynb", "JSON", 0, 0, -604, 0, 0, 0, 0, 0, -1, -605
"c:\Users\Q\Desktop\paper2github\model_2D\1yolov5\utils\__init__.py", "Python", -67, 0, 0, 0, 0, 0, 0, -3, -26, -96
"c:\Users\Q\Desktop\paper2github\model_2D\1yolov5\utils\activations.py", "Python", -92, 0, 0, 0, 0, 0, 0, -5, -30, -127
"c:\Users\Q\Desktop\paper2github\model_2D\1yolov5\utils\augmentations.py", "Python", -324, 0, 0, 0, 0, 0, 0, -33, -85, -442
"c:\Users\Q\Desktop\paper2github\model_2D\1yolov5\utils\autoanchor.py", "Python", -126, 0, 0, 0, 0, 0, 0, -18, -28, -172
"c:\Users\Q\Desktop\paper2github\model_2D\1yolov5\utils\autobatch.py", "Python", -48, 0, 0, 0, 0, 0, 0, -10, -13, -71
"c:\Users\Q\Desktop\paper2github\model_2D\1yolov5\utils\aws\__init__.py", "Python", 0, 0, 0, 0, 0, 0, 0, 0, -1, -1
"c:\Users\Q\Desktop\paper2github\model_2D\1yolov5\utils\aws\mime.sh", "Shell Script", 0, 0, 0, -15, 0, 0, 0, -6, -6, -27
"c:\Users\Q\Desktop\paper2github\model_2D\1yolov5\utils\aws\resume.py", "Python", -28, 0, 0, 0, 0, 0, 0, -4, -9, -41
"c:\Users\Q\Desktop\paper2github\model_2D\1yolov5\utils\aws\userdata.sh", "Shell Script", 0, 0, 0, -20, 0, 0, 0, -6, -2, -28
"c:\Users\Q\Desktop\paper2github\model_2D\1yolov5\utils\callbacks.py", "Python", -61, 0, 0, 0, 0, 0, 0, -1, -12, -74
"c:\Users\Q\Desktop\paper2github\model_2D\1yolov5\utils\dataloaders.py", "Python", -1133, 0, 0, 0, 0, 0, 0, -71, -168, -1372
"c:\Users\Q\Desktop\paper2github\model_2D\1yolov5\utils\docker\Dockerfile", "Docker", 0, 0, 0, 0, 0, 0, -16, -36, -22, -74
"c:\Users\Q\Desktop\paper2github\model_2D\1yolov5\utils\downloads.py", "Python", -109, 0, 0, 0, 0, 0, 0, -5, -23, -137
"c:\Users\Q\Desktop\paper2github\model_2D\1yolov5\utils\flask_rest_api\README.md", "Markdown", 0, 0, 0, 0, 0, -58, 0, 0, -13, -71
"c:\Users\Q\Desktop\paper2github\model_2D\1yolov5\utils\flask_rest_api\example_request.py", "Python", -9, 0, 0, 0, 0, 0, 0, -2, -7, -18
"c:\Users\Q\Desktop\paper2github\model_2D\1yolov5\utils\flask_rest_api\restapi.py", "Python", -31, 0, 0, 0, 0, 0, 0, -5, -14, -50
"c:\Users\Q\Desktop\paper2github\model_2D\1yolov5\utils\general.py", "Python", -1010, 0, 0, 0, 0, 0, 0, -57, -223, -1290
"c:\Users\Q\Desktop\paper2github\model_2D\1yolov5\utils\google_app_engine\Dockerfile", "Docker", 0, 0, 0, 0, 0, 0, -9, -10, -7, -26
"c:\Users\Q\Desktop\paper2github\model_2D\1yolov5\utils\google_app_engine\app.yaml", "YAML", 0, -11, 0, 0, 0, 0, 0, 0, -4, -15
"c:\Users\Q\Desktop\paper2github\model_2D\1yolov5\utils\loggers\__init__.py", "Python", -387, 0, 0, 0, 0, 0, 0, -12, -72, -471
"c:\Users\Q\Desktop\paper2github\model_2D\1yolov5\utils\loggers\clearml\README.md", "Markdown", 0, 0, 0, 0, 0, -154, 0, 0, -81, -235
"c:\Users\Q\Desktop\paper2github\model_2D\1yolov5\utils\loggers\clearml\__init__.py", "Python", 0, 0, 0, 0, 0, 0, 0, 0, -1, -1
"c:\Users\Q\Desktop\paper2github\model_2D\1yolov5\utils\loggers\clearml\clearml_utils.py", "Python", -178, 0, 0, 0, 0, 0, 0, -15, -36, -229
"c:\Users\Q\Desktop\paper2github\model_2D\1yolov5\utils\loggers\clearml\hpo.py", "Python", -58, 0, 0, 0, 0, 0, 0, -25, -6, -89
"c:\Users\Q\Desktop\paper2github\model_2D\1yolov5\utils\loggers\comet\README.md", "Markdown", 0, 0, 0, 0, 0, -170, 0, 0, -81, -251
"c:\Users\Q\Desktop\paper2github\model_2D\1yolov5\utils\loggers\comet\__init__.py", "Python", -427, 0, 0, 0, 0, 0, 0, -13, -107, -547
"c:\Users\Q\Desktop\paper2github\model_2D\1yolov5\utils\loggers\comet\comet_utils.py", "Python", -112, 0, 0, 0, 0, 0, 0, -2, -36, -150
"c:\Users\Q\Desktop\paper2github\model_2D\1yolov5\utils\loggers\comet\hpo.py", "Python", -100, 0, 0, 0, 0, 0, 0, -3, -22, -125
"c:\Users\Q\Desktop\paper2github\model_2D\1yolov5\utils\loggers\wandb\__init__.py", "Python", 0, 0, 0, 0, 0, 0, 0, 0, -1, -1
"c:\Users\Q\Desktop\paper2github\model_2D\1yolov5\utils\loggers\wandb\wandb_utils.py", "Python", -175, 0, 0, 0, 0, 0, 0, -6, -30, -211
"c:\Users\Q\Desktop\paper2github\model_2D\1yolov5\utils\loss.py", "Python", -185, 0, 0, 0, 0, 0, 0, -27, -43, -255
"c:\Users\Q\Desktop\paper2github\model_2D\1yolov5\utils\metrics.py", "Python", -283, 0, 0, 0, 0, 0, 0, -30, -70, -383
"c:\Users\Q\Desktop\paper2github\model_2D\1yolov5\utils\plots.py", "Python", -426, 0, 0, 0, 0, 0, 0, -18, -70, -514
"c:\Users\Q\Desktop\paper2github\model_2D\1yolov5\utils\segment\__init__.py", "Python", 0, 0, 0, 0, 0, 0, 0, 0, -1, -1
"c:\Users\Q\Desktop\paper2github\model_2D\1yolov5\utils\segment\augmentations.py", "Python", -61, 0, 0, 0, 0, 0, 0, -19, -21, -101
"c:\Users\Q\Desktop\paper2github\model_2D\1yolov5\utils\segment\dataloaders.py", "Python", -299, 0, 0, 0, 0, 0, 0, -23, -41, -363
"c:\Users\Q\Desktop\paper2github\model_2D\1yolov5\utils\segment\general.py", "Python", -126, 0, 0, 0, 0, 0, 0, -4, -32, -162
"c:\Users\Q\Desktop\paper2github\model_2D\1yolov5\utils\segment\loss.py", "Python", -153, 0, 0, 0, 0, 0, 0, -16, -27, -196
"c:\Users\Q\Desktop\paper2github\model_2D\1yolov5\utils\segment\metrics.py", "Python", -181, 0, 0, 0, 0, 0, 0, -1, -36, -218
"c:\Users\Q\Desktop\paper2github\model_2D\1yolov5\utils\segment\plots.py", "Python", -126, 0, 0, 0, 0, 0, 0, -9, -16, -151
"c:\Users\Q\Desktop\paper2github\model_2D\1yolov5\utils\torch_utils.py", "Python", -396, 0, 0, 0, 0, 0, 0, -7, -78, -481
"c:\Users\Q\Desktop\paper2github\model_2D\1yolov5\utils\triton.py", "Python", -72, 0, 0, 0, 0, 0, 0, -1, -19, -92
"c:\Users\Q\Desktop\paper2github\model_2D\1yolov5\val.py", "Python", -363, 0, 0, 0, 0, 0, 0, -25, -51, -439
"c:\Users\Q\Desktop\paper2github\model_2D\4DenseNet\param\DenseNet_1D_SRC.py", "Python", -74, 0, 0, 0, 0, 0, 0, -1, -22, -97
"c:\Users\Q\Desktop\paper2github\model_2D\4DenseNet\param\model_paramters2.py", "Python", -4, 0, 0, 0, 0, 0, 0, -2, -2, -8
"c:\Users\Q\Desktop\paper2github\model_2D\5AlexNet\param\AlexNet_1D_CH1_SRC.py", "Python", -36, 0, 0, 0, 0, 0, 0, 0, -3, -39
"c:\Users\Q\Desktop\paper2github\model_2D\5AlexNet\param\model_paramters2.py", "Python", -4, 0, 0, 0, 0, 0, 0, -2, -2, -8
"c:\Users\Q\Desktop\paper2github\model_2D\6SeNet\param\SeNet_1D_1CH_SRC.py", "Python", -45, 0, 0, 0, 0, 0, 0, 0, -11, -56
"c:\Users\Q\Desktop\paper2github\model_2D\6SeNet\param\model_paramters2.py", "Python", -4, 0, 0, 0, 0, 0, 0, -2, -2, -8
"Total", "-", -14067, -5109, -2680, -166, -18, -1122, -25, -1725, -3679, -28591